Backhoe Loader, N° Matériels
HIDROMEK,T3
HIDROMEK,T5
HIDROMEK,T6
HIDROMEK,T7
HIDROMEK,T8
HIDROMEK,T10
HIDROMEK,T11
HIDROMEK,T12
HIDROMEK,T13
HIDROMEK,T14
HIDROMEK,T15
HIDROMEK,T16
HIDROMEK,T17
HIDROMEK,T18
HIDROMEK,T19
HIDROMEK,T20
HIDROMEK,T21
HIDROMEK,T22
HIDROMEK,T23
HIDROMEK,T24
HIDROMEK,T25
HIDROMEK,T26
Loader,
KOMATSU  ,CH1
KAWASAKI  ,CH2
NEW HOLAND  ,CH3
CAT 950 GC  ,CH4
CAT 950 GC  ,CH5
KOMATSU  ,CH6
KOMATSU  ,CH7
KOMATSU  ,CH8
LON KING  ,CH9
VOLVO  ,CH10
ENSIGN  ,CH11
VOLVO  ,CH12
LON KING  ,CH13
KAWASAKI  ,CH14
Excavator,
KOMATSU ,P1
HIDROMEK 300LC ,P2
HYUNDAI 300 LC ,P3
CAT 340 DL ,P4
KOMATSU PC 500 ,P5
KOMATSU PC 500 ,P6
KOMATSU PC 300 ,P7
KOMATSU PC 300 ,P8
DOOSAN 340 LCA ,P9
CAT 349 D ,P10
Mini Loader,
BOB CAT CASE ,B2
BOB CAT 216B ,B3
BOB CAT S130 ,B4
BOB CAT 216B ,B5
BOB CAT 216B ,B6
BOB CAT 216B ,B7
BOB CAT 216B ,B8
BOB CAT 216B ,B9
BOB CAT 216B ,B10
KOMATSU SK 714-5 ,B11
KOMATSU SK 714-5 ,B12
KOMATSU SK 714-5 ,B13
Roller,
Roller BITTELI          ,C1
Roller DYNAPAC    ,C2
Roller HAMM     ,C4
Mini Roller BOMAG ,C5
Mini Roller BOMAG ,C6
Roller BOMA      ,C7
Roller HAMM      ,C8
Roller HAMM     ,C9
Mini Roller HAMM ,C10
Mini Roller HAMM ,C11
Roller DYNAPAC  , C12
Mini Roller JCB    , C13
CAMION,
ACTROS,CA1
ACTROS,CA2
ACTROS,CA3
ACTROS,CA4
ACTROS,CA5
ACTROS,CA6
ACTROS,CA7
ACTROS,CA8
ACTROS,CA9
ACTROS,CA10
MAN,CA11
MAN,CA12
MAN,CA13
MAN,CA14
MAN,CA15
MAN,CA16
SCANIA,CT2
MAN,CT3
MAN,CT4
REUNAULT,CT5
REUNAULT,CT6
IVECO,CT6
IVECO,CT7
PEUGEOT,CT8
PEUGEOT,CT9
REU  REPANDEUSE  ,CR1
REU  REPANDEUSE  ,CR2
CENTRALE OROOBE,
centrale oroobè  ,CN1
centrale oroobè  ,CN2
NIVLLEUSE,
GRADER MITSUBISHI ,G3
GRADER CAT 12K  ,G4
GRADER CAT 12K  ,G5
GRADER CAT 12K  ,G6
GRADER CAT 12K  ,G7
GRADER CAT 140 GC ,G8
GRADER SINOMACH ,G9
GRADER CAT 12K  ,G10
Tractor,
TRACTRUR LANDINI ,TR1
TRACTRUR LANDINI ,TR2
TRACTRUR DEUHTZ ,TR3
TRACTRUR,
TRACTRUR,
TRACTRUR LANDINI  ,TR6
TRACTRUR LANDINI  ,TR7
TRACTRUR LANDINI  ,TR8
Compactor,
AMMAN,CO1
BOMAG,CO2
BOMAG,CO3
BOMAG,CO4
Compactor,
Compactor,
COMPRESSEUR D AIR,
ATLAS COPCO ,CP1
SOLAIR     ,CP2
ATLAS COPCO   ,CP3
compr A AIR CN2    ,CP4
GROUPE ELECTROGAINE,
,
,
,
BULLDOZER,
BULL CAT D6R  ,BD1
BULL CAT D6D  ,BD2
MOTO POMPE,
moto POMPE       ,MP1
,
,
,
,
FINISSEUR,
FINISSEUR VOOGLE ,F2
FINISSEUR VOOGLE ,F3
FINISSEUR BOMAG  ,F4
FRESEUSE,
FRESEUSE         ,FR1
